<?xml version="1.0"?>
<libraries>
  <library>
    <location>adodb</location>
    <name>AdoDB</name>
    <license>BSD/GPL</license>
    <version>5.20.1</version>
    <licenseversion>2.1+</licenseversion>
  </library>
  <library>
    <location>alfresco</location>
    <name>Alfresco</name>
    <license>GPL</license>
    <version></version>
    <licenseversion>2.0+</licenseversion>
  </library>
  <library>
    <location>bennu</location>
    <name>Bennu</name>
    <license>LGPL</license>
    <version></version>
    <licenseversion>2.1+</licenseversion>
  </library>
  <library>
    <location>evalmath</location>
    <name>EvalMath</name>
    <license>BSD</license>
    <version></version>
    <licenseversion></licenseversion>
  </library>
  <library>
    <location>lessphp</location>
    <name>less.php</name>
    <license>Apache</license>
    <version>1.7.0.9</version>
    <licenseversion>2.0</licenseversion>
  </library>
  <library>
    <location>phpexcel</location>
    <name>PHPExcel</name>
    <license>LGPL</license>
    <version>1.8.1</version>
    <licenseversion>2.1+</licenseversion>
  </library>
  <library>
    <location>pear/Net</location>
    <name>GeoIP</name>
    <license>LGPL</license>
    <version>1.0.0</version>
    <licenseversion>2.1+</licenseversion>
  </library>
  <library>
    <location>google</location>
    <name>Google APIs Client Library</name>
    <license>Apache</license>
    <version>1.1.5</version>
    <licenseversion>2.0</licenseversion>
  </library>
  <library>
    <location>htmlpurifier</location>
    <name>HTML Purifier</name>
    <license>LGPL</license>
    <version>4.7.0</version>
    <licenseversion>2.1+</licenseversion>
  </library>
  <library>
    <location>jabber</location>
    <name>XMPPHP</name>
    <license>GPL</license>
    <version></version>
    <licenseversion>2.0+</licenseversion>
  </library>
  <library>
    <location>minify</location>
    <name>Minify</name>
    <license>BSD</license>
    <version>2.2.1</version>
    <licenseversion></licenseversion>
  </library>
  <library>
    <location>flowplayer</location>
    <name>Flowplayer</name>
    <license>GPL</license>
    <version>3.2.18</version>
    <licenseversion>3.0+</licenseversion>
  </library>
  <library>
    <location>password_compat</location>
    <name>Compatible password hashing</name>
    <license>MIT</license>
    <version>1.0.4</version>
    <licenseversion></licenseversion>
  </library>
  <library>
    <location>pear/Auth/RADIUS.php</location>
    <name>Pear_Auth_Radius</name>
    <license>BSD</license>
    <version>1.1.0</version>
    <licenseversion></licenseversion>
  </library>
  <library>
    <location>pear/Crypt/CHAP.php</location>
    <name>Pear_Crypt_CHAP</name>
    <license>BSD</license>
    <version>1.1</version>
    <licenseversion></licenseversion>
  </library>
  <library>
    <location>pear/HTML/Common.php</location>
    <name>Pear_HTML_Common</name>
    <license>PHP</license>
    <version>1.7</version>
    <licenseversion>2.0</licenseversion>
  </library>
  <library>
    <location>pear/HTML/QuickForm.php</location>
    <name>Pear_HTML_QuickForm.php</name>
    <license>PHP</license>
    <version>2.0</version>
    <licenseversion>2.0</licenseversion>
  </library>
  <library>
    <location>pear/HTML/QuickForm</location>
    <name>Pear_HTML_QuickForm</name>
    <license>PHP</license>
    <version>2.0</version>
    <licenseversion>2.0</licenseversion>
  </library>
  <library>
    <location>pear/PEAR.php</location>
    <name>Pear.php</name>
    <license>PHP</license>
    <version>1.4.5</version>
    <licenseversion>3.0</licenseversion>
  </library>
  <library>
    <location>phpmailer</location>
    <name>PHPMailer</name>
    <license>LGPL</license>
    <version>5.2.13</version>
    <licenseversion>2.1</licenseversion>
  </library>
  <library>
    <location>simplepie</location>
    <name>SimplePie</name>
    <license>BSD</license>
    <version>1.3.1</version>
    <licenseversion></licenseversion>
  </library>
  <library>
    <location>tcpdf</location>
    <name>TCPDF</name>
    <license>LGPL</license>
    <version>6.2.12</version>
    <licenseversion>3</licenseversion>
  </library>
  <library>
    <location>typo3</location>
    <name>Typo3</name>
    <license>GPL</license>
    <version>4.7.19</version>
    <licenseversion>2.0+</licenseversion>
  </library>
  <library>
    <location>yuilib</location>
    <name>YUI</name>
    <license>BSD</license>
    <version>3.17.2</version>
    <licenseversion></licenseversion>
  </library>
  <library>
    <location>yuilib/gallery</location>
    <name>YUI Gallery</name>
    <license>BSD</license>
    <version>gallery-2013.10.02-20-26</version>
    <licenseversion></licenseversion>
  </library>
  <library>
    <location>jquery</location>
    <name>jQuery</name>
    <license>MIT</license>
    <version>1.11.3</version>
    <licenseversion></licenseversion>
  </library>
  <library>
    <location>jquery</location>
    <name>jQuery Migrate</name>
    <license>MIT</license>
    <version>1.2.1</version>
    <licenseversion></licenseversion>
  </library>
  <library>
    <location>jquery</location>
    <name>jQuery UI</name>
    <license>MIT</license>
    <version>1.11.4</version>
    <licenseversion></licenseversion>
  </library>
  <library>
    <location>zend</location>
    <name>Zend Framework</name>
    <license>BSD</license>
    <version>1.12.16</version>
    <licenseversion></licenseversion>
  </library>
  <library>
    <location>html2text</location>
    <name>HTML2Text</name>
    <license>GPL</license>
    <version>3.0.0</version>
    <licenseversion>2.0+</licenseversion>
  </library>
  <library>
    <location>markdown</location>
    <name>Markdown original+extra</name>
    <license>BSD</license>
    <version>1.5.0</version>
    <licenseversion></licenseversion>
  </library>
  <library>
    <location>recaptchalib.php</location>
    <name>ReCAPTCHA</name>
    <license>MIT</license>
    <version>1.10</version>
    <licenseversion></licenseversion>
  </library>
  <library>
    <location>xhprof</location>
    <name>XHProf</name>
    <license>Apache</license>
    <version>0.9.2</version>
    <licenseversion>2.0</licenseversion>
  </library>
  <library>
    <location>xmlize.php</location>
    <name>XMLize</name>
    <license>GPL</license>
    <version>1.0</version>
    <licenseversion>3.0+</licenseversion>
  </library>
  <library>
    <location>horde</location>
    <name>Horde</name>
    <license>LGPL/BSD</license>
    <version>5.2.7</version>
    <licenseversion>2.1</licenseversion>
  </library>
  <library>
    <location>requirejs</location>
    <name>RequireJS</name>
    <license>MIT</license>
    <version>2.1.20</version>
    <licenseversion></licenseversion>
  </library>
  <library>
    <location>amd/src/loglevel.js</location>
    <name>loglevel.js</name>
    <license>MIT</license>
    <version>1.4.0</version>
  </library>
  <library>
    <location>mustache</location>
    <name>Mustache</name>
    <license>MIT</license>
    <version>2.9.0</version>
  </library>
  <library>
    <location>amd/src/mustache.js</location>
    <name>Mustache.js</name>
    <license>MIT</license>
    <version>2.1.3</version>
  </library>
  <library>
    <location>graphlib.php</location>
    <name>Graph Class</name>
    <license>GPL</license>
    <version>1.6.3</version>
  </library>
</libraries>
